{"cameraMode":{"drawMode":0,"name":"Shaded","section":"Shading Mode"},"sceneLighting":true,"audioPlay":false,"sceneViewState":{"showFog":true,"showMaterialUpdate":false,"showSkybox":true,"showFlares":true,"showImageEffects":true,"showParticleSystems":true},"in2DMode":false,"pivot":{"x":51.52602005004883,"y":17.858070373535158,"z":105.90672302246094},"rotation":{"x":0.08635368198156357,"y":0.07523933053016663,"z":-0.006540399510413408,"w":0.9933978915214539},"size":65.8834228515625,"orthographic":false}