{"cameraMode":{"drawMode":0,"name":"Shaded","section":"Shading Mode"},"sceneLighting":true,"audioPlay":false,"sceneViewState":{"showFog":true,"showMaterialUpdate":false,"showSkybox":true,"showFlares":true,"showImageEffects":true,"showParticleSystems":true},"in2DMode":false,"pivot":{"x":-0.9984521865844727,"y":7.17663049697876,"z":6.780305862426758},"rotation":{"x":0.011876245029270649,"y":-0.14823053777217866,"z":0.0017802788643166423,"w":0.988879919052124},"size":28.760133743286134,"orthographic":false}