{"cameraMode":{"drawMode":0,"name":"Shaded","section":"Shading Mode"},"sceneLighting":true,"audioPlay":false,"sceneViewState":{"showFog":true,"showMaterialUpdate":true,"showSkybox":true,"showFlares":true,"showImageEffects":true,"showParticleSystems":true},"in2DMode":false,"pivot":{"x":-8.749490737915039,"y":-7.410900115966797,"z":4.386554718017578},"rotation":{"x":-0.17710301280021668,"y":0.26217415928840639,"z":-0.049011070281267169,"w":-0.9473633170127869},"size":69.36122131347656,"orthographic":false}